Workbook

Sheet Lists
A1: Stage | B1: Progress | D1: Cross-off | F1: Prioritet | H1: Review
A2: Ikke startet | B2: 0 | F2: Høy | H2: Ikke sendt
A3: Pågår | B3: 0.35 | D3: x | F3: Middels | H3: Sendt til veileder
A4: Mest ferdig | B4: 0.75 | F4: Lav | H4: Tilbakemelding mottatt
A5: Ferdig | B5: 0.9 | H5: Inkorporert
A6: Korrekturlest | B6: 1

Sheet README
A1: Masteroppgave-plan (Excel-mal)
A3: Slik bruker du malen
A5: • Skriv 'x' for å krysse av (eller slett for å fjerne).
A6: • Fyll inn kapitler i 'Kapitler' og detaljer i 'Disposisjon'.
A7: • 'Stage' og 'Fremdrift %' oppdateres automatisk basert på avkryssinger og datoer.
A8: • Rød markering = forfalt (ikke ferdig). Gul markering = forfaller innen 7 dager.
A9: • 'Dashboard' viser samlet status. 'Tidslinje' gir en enkel Gantt-visning per kapittel.
A10: Tips: Filtrer tabellene på ChapterNo, Prioritet og Stage.

Sheet Dashboard
A1: Dashboard
A3: Innstillinger (fyll inn)
A4: Tittel
A5: Innleveringsdato
A6: Måltall ord | B6: 40000
A7: Universitet/Program
A8: Veileder
A11: Fremdrift (automatisk)
A12: Total fremdrift (kapittelnivå) | B12: =IFERROR(AVERAGE(Kapitler!$M$2:$M$50),0)
A13: Total fremdrift (detaljnivå) | B13: =IFERROR(AVERAGE(Disposisjon!$Q$2:$Q$300),0)
A14: Antall seksjoner | B14: =COUNTA(Disposisjon!$D$2:$D$300)
A15: Seksjoner igjen (ikke ferdig) | B15: =COUNTIFS(Disposisjon!$O$2:$O$300,"<>Ferdig",Disposisjon!$O$2:$O$300,"<>Korrekturlest",Disposisjon!$D$2:$D$300,"<>")
A16: Forfalt (ikke ferdig) | B16: =COUNTIFS(Disposisjon!$I$2:$I$300,"<"&TODAY(),Disposisjon!$O$2:$O$300,"<>Ferdig",Disposisjon!$O$2:$O$300,"<>Korrekturlest",Disposisjon!$D$2:$D$300,"<>")
A19: Kapittelstatus
A20: Kapittel | B20: Tittel | C20: Plan start | D20: Plan frist | E20: Fremdrift (komb.) | F20: Dager igjen | G20: Status | H20: Prioritet | I20: Neste steg
A21: 1 | B21: =IFERROR(VLOOKUP($A21,Kapitler!$A$2:$B$50,2,FALSE),"") | C21: =IFERROR(VLOOKUP($A21,Kapitler!$A$2:$D$50,4,FALSE),"") | D21: =IFERROR(VLOOKUP($A21,Kapitler!$A$2:$E$50,5,FALSE),"") | E21: =IFERROR(VLOOKUP($A21,Kapitler!$A$2:$M$50,13,FALSE),"") | F21: =IF($D21="","",$D21-TODAY()) | G21: =IF($E21="","",IF($E21>=1,"På sporet",IF($E21>=0.75,"Nesten ferdig",IF($E21>=0.35,"Pågår","Ikke startet")))) | H21: =IFERROR(VLOOKUP($A21,Kapitler!$A$2:$O$50,15,FALSE),"") | I21: =IFERROR(VLOOKUP($A21,Kapitler!$A$2:$N$50,14,FALSE),"")
A22: 2 | B22: =IFERROR(VLOOKUP($A22,Kapitler!$A$2:$B$50,2,FALSE),"") | C22: =IFERROR(VLOOKUP($A22,Kapitler!$A$2:$D$50,4,FALSE),"") | D22: =IFERROR(VLOOKUP($A22,Kapitler!$A$2:$E$50,5,FALSE),"") | E22: =IFERROR(VLOOKUP($A22,Kapitler!$A$2:$M$50,13,FALSE),"") | F22: =IF($D22="","",$D22-TODAY()) | G22: =IF($E22="","",IF($E22>=1,"På sporet",IF($E22>=0.75,"Nesten ferdig",IF($E22>=0.35,"Pågår","Ikke startet")))) | H22: =IFERROR(VLOOKUP($A22,Kapitler!$A$2:$O$50,15,FALSE),"") | I22: =IFERROR(VLOOKUP($A22,Kapitler!$A$2:$N$50,14,FALSE),"")
A23: 3 | B23: =IFERROR(VLOOKUP($A23,Kapitler!$A$2:$B$50,2,FALSE),"") | C23: =IFERROR(VLOOKUP($A23,Kapitler!$A$2:$D$50,4,FALSE),"") | D23: =IFERROR(VLOOKUP($A23,Kapitler!$A$2:$E$50,5,FALSE),"") | E23: =IFERROR(VLOOKUP($A23,Kapitler!$A$2:$M$50,13,FALSE),"") | F23: =IF($D23="","",$D23-TODAY()) | G23: =IF($E23="","",IF($E23>=1,"På sporet",IF($E23>=0.75,"Nesten ferdig",IF($E23>=0.35,"Pågår","Ikke startet")))) | H23: =IFERROR(VLOOKUP($A23,Kapitler!$A$2:$O$50,15,FALSE),"") | I23: =IFERROR(VLOOKUP($A23,Kapitler!$A$2:$N$50,14,FALSE),"")
A24: 4 | B24: =IFERROR(VLOOKUP($A24,Kapitler!$A$2:$B$50,2,FALSE),"") | C24: =IFERROR(VLOOKUP($A24,Kapitler!$A$2:$D$50,4,FALSE),"") | D24: =IFERROR(VLOOKUP($A24,Kapitler!$A$2:$E$50,5,FALSE),"") | E24: =IFERROR(VLOOKUP($A24,Kapitler!$A$2:$M$50,13,FALSE),"") | F24: =IF($D24="","",$D24-TODAY()) | G24: =IF($E24="","",IF($E24>=1,"På sporet",IF($E24>=0.75,"Nesten ferdig",IF($E24>=0.35,"Pågår","Ikke startet")))) | H24: =IFERROR(VLOOKUP($A24,Kapitler!$A$2:$O$50,15,FALSE),"") | I24: =IFERROR(VLOOKUP($A24,Kapitler!$A$2:$N$50,14,FALSE),"")
A25: 5 | B25: =IFERROR(VLOOKUP($A25,Kapitler!$A$2:$B$50,2,FALSE),"") | C25: =IFERROR(VLOOKUP($A25,Kapitler!$A$2:$D$50,4,FALSE),"") | D25: =IFERROR(VLOOKUP($A25,Kapitler!$A$2:$E$50,5,FALSE),"") | E25: =IFERROR(VLOOKUP($A25,Kapitler!$A$2:$M$50,13,FALSE),"") | F25: =IF($D25="","",$D25-TODAY()) | G25: =IF($E25="","",IF($E25>=1,"På sporet",IF($E25>=0.75,"Nesten ferdig",IF($E25>=0.35,"Pågår","Ikke startet")))) | H25: =IFERROR(VLOOKUP($A25,Kapitler!$A$2:$O$50,15,FALSE),"") | I25: =IFERROR(VLOOKUP($A25,Kapitler!$A$2:$N$50,14,FALSE),"")
A26: 6 | B26: =IFERROR(VLOOKUP($A26,Kapitler!$A$2:$B$50,2,FALSE),"") | C26: =IFERROR(VLOOKUP($A26,Kapitler!$A$2:$D$50,4,FALSE),"") | D26: =IFERROR(VLOOKUP($A26,Kapitler!$A$2:$E$50,5,FALSE),"") | E26: =IFERROR(VLOOKUP($A26,Kapitler!$A$2:$M$50,13,FALSE),"") | F26: =IF($D26="","",$D26-TODAY()) | G26: =IF($E26="","",IF($E26>=1,"På sporet",IF($E26>=0.75,"Nesten ferdig",IF($E26>=0.35,"Pågår","Ikke startet")))) | H26: =IFERROR(VLOOKUP($A26,Kapitler!$A$2:$O$50,15,FALSE),"") | I26: =IFERROR(VLOOKUP($A26,Kapitler!$A$2:$N$50,14,FALSE),"")
A27: 7 | B27: =IFERROR(VLOOKUP($A27,Kapitler!$A$2:$B$50,2,FALSE),"") | C27: =IFERROR(VLOOKUP($A27,Kapitler!$A$2:$D$50,4,FALSE),"") | D27: =IFERROR(VLOOKUP($A27,Kapitler!$A$2:$E$50,5,FALSE),"") | E27: =IFERROR(VLOOKUP($A27,Kapitler!$A$2:$M$50,13,FALSE),"") | F27: =IF($D27="","",$D27-TODAY()) | G27: =IF($E27="","",IF($E27>=1,"På sporet",IF($E27>=0.75,"Nesten ferdig",IF($E27>=0.35,"Pågår","Ikke startet")))) | H27: =IFERROR(VLOOKUP($A27,Kapitler!$A$2:$O$50,15,FALSE),"") | I27: =IFERROR(VLOOKUP($A27,Kapitler!$A$2:$N$50,14,FALSE),"")
A28: 8 | B28: =IFERROR(VLOOKUP($A28,Kapitler!$A$2:$B$50,2,FALSE),"") | C28: =IFERROR(VLOOKUP($A28,Kapitler!$A$2:$D$50,4,FALSE),"") | D28: =IFERROR(VLOOKUP($A28,Kapitler!$A$2:$E$50,5,FALSE),"") | E28: =IFERROR(VLOOKUP($A28,Kapitler!$A$2:$M$50,13,FALSE),"") | F28: =IF($D28="","",$D28-TODAY()) | G28: =IF($E28="","",IF($E28>=1,"På sporet",IF($E28>=0.75,"Nesten ferdig",IF($E28>=0.35,"Pågår","Ikke startet")))) | H28: =IFERROR(VLOOKUP($A28,Kapitler!$A$2:$O$50,15,FALSE),"") | I28: =IFERROR(VLOOKUP($A28,Kapitler!$A$2:$N$50,14,FALSE),"")
A29: 9 | B29: =IFERROR(VLOOKUP($A29,Kapitler!$A$2:$B$50,2,FALSE),"") | C29: =IFERROR(VLOOKUP($A29,Kapitler!$A$2:$D$50,4,FALSE),"") | D29: =IFERROR(VLOOKUP($A29,Kapitler!$A$2:$E$50,5,FALSE),"") | E29: =IFERROR(VLOOKUP($A29,Kapitler!$A$2:$M$50,13,FALSE),"") | F29: =IF($D29="","",$D29-TODAY()) | G29: =IF($E29="","",IF($E29>=1,"På sporet",IF($E29>=0.75,"Nesten ferdig",IF($E29>=0.35,"Pågår","Ikke startet")))) | H29: =IFERROR(VLOOKUP($A29,Kapitler!$A$2:$O$50,15,FALSE),"") | I29: =IFERROR(VLOOKUP($A29,Kapitler!$A$2:$N$50,14,FALSE),"")
A30: 10 | B30: =IFERROR(VLOOKUP($A30,Kapitler!$A$2:$B$50,2,FALSE),"") | C30: =IFERROR(VLOOKUP($A30,Kapitler!$A$2:$D$50,4,FALSE),"") | D30: =IFERROR(VLOOKUP($A30,Kapitler!$A$2:$E$50,5,FALSE),"") | E30: =IFERROR(VLOOKUP($A30,Kapitler!$A$2:$M$50,13,FALSE),"") | F30: =IF($D30="","",$D30-TODAY()) | G30: =IF($E30="","",IF($E30>=1,"På sporet",IF($E30>=0.75,"Nesten ferdig",IF($E30>=0.35,"Pågår","Ikke startet")))) | H30: =IFERROR(VLOOKUP($A30,Kapitler!$A$2:$O$50,15,FALSE),"") | I30: =IFERROR(VLOOKUP($A30,Kapitler!$A$2:$N$50,14,FALSE),"")
A31: 11 | B31: =IFERROR(VLOOKUP($A31,Kapitler!$A$2:$B$50,2,FALSE),"") | C31: =IFERROR(VLOOKUP($A31,Kapitler!$A$2:$D$50,4,FALSE),"") | D31: =IFERROR(VLOOKUP($A31,Kapitler!$A$2:$E$50,5,FALSE),"") | E31: =IFERROR(VLOOKUP($A31,Kapitler!$A$2:$M$50,13,FALSE),"") | F31: =IF($D31="","",$D31-TODAY()) | G31: =IF($E31="","",IF($E31>=1,"På sporet",IF($E31>=0.75,"Nesten ferdig",IF($E31>=0.35,"Pågår","Ikke startet")))) | H31: =IFERROR(VLOOKUP($A31,Kapitler!$A$2:$O$50,15,FALSE),"") | I31: =IFERROR(VLOOKUP($A31,Kapitler!$A$2:$N$50,14,FALSE),"")
A32: 12 | B32: =IFERROR(VLOOKUP($A32,Kapitler!$A$2:$B$50,2,FALSE),"") | C32: =IFERROR(VLOOKUP($A32,Kapitler!$A$2:$D$50,4,FALSE),"") | D32: =IFERROR(VLOOKUP($A32,Kapitler!$A$2:$E$50,5,FALSE),"") | E32: =IFERROR(VLOOKUP($A32,Kapitler!$A$2:$M$50,13,FALSE),"") | F32: =IF($D32="","",$D32-TODAY()) | G32: =IF($E32="","",IF($E32>=1,"På sporet",IF($E32>=0.75,"Nesten ferdig",IF($E32>=0.35,"Pågår","Ikke startet")))) | H32: =IFERROR(VLOOKUP($A32,Kapitler!$A$2:$O$50,15,FALSE),"") | I32: =IFERROR(VLOOKUP($A32,Kapitler!$A$2:$N$50,14,FALSE),"")

Sheet Kapitler
A1: ChapterNo | B1: Kapittel-tittel | C1: Mål ord | D1: Plan start | E1: Plan frist | F1: Faktisk ferdig | G1: Mest ferdig (x) | H1: Ferdig (x) | I1: Korrekturlest (x) | J1: Stage (manuell) | K1: Fremdrift (manuell) | L1: Fremdrift (detalj) | M1: Fremdrift (komb.) | N1: Neste steg | O1: Prioritet | P1: Notater
A2: 1 | B2: Introduksjon | C2: 3000 | J2: =IF($I2="x","Korrekturlest",IF($H2="x","Ferdig",IF($G2="x","Mest ferdig","Ikke startet"))) | K2: =IFERROR(VLOOKUP($J2,Lists!$A$2:$B$6,2,FALSE),0) | L2: =IFERROR(AVERAGEIF(Disposisjon!$A$2:$A$300,$A2,Disposisjon!$Q$2:$Q$300),0) | M2: =MAX($K2,$L2) | O2: Middels
A3: 2 | B3: Teori / Litteraturgjennomgang | C3: 9000 | J3: =IF($I3="x","Korrekturlest",IF($H3="x","Ferdig",IF($G3="x","Mest ferdig","Ikke startet"))) | K3: =IFERROR(VLOOKUP($J3,Lists!$A$2:$B$6,2,FALSE),0) | L3: =IFERROR(AVERAGEIF(Disposisjon!$A$2:$A$300,$A3,Disposisjon!$Q$2:$Q$300),0) | M3: =MAX($K3,$L3) | O3: Middels
A4: 3 | B4: Metode | C4: 7000 | J4: =IF($I4="x","Korrekturlest",IF($H4="x","Ferdig",IF($G4="x","Mest ferdig","Ikke startet"))) | K4: =IFERROR(VLOOKUP($J4,Lists!$A$2:$B$6,2,FALSE),0) | L4: =IFERROR(AVERAGEIF(Disposisjon!$A$2:$A$300,$A4,Disposisjon!$Q$2:$Q$300),0) | M4: =MAX($K4,$L4) | O4: Middels
A5: 4 | B5: Resultater | C5: 8000 | J5: =IF($I5="x","Korrekturlest",IF($H5="x","Ferdig",IF($G5="x","Mest ferdig","Ikke startet"))) | K5: =IFERROR(VLOOKUP($J5,Lists!$A$2:$B$6,2,FALSE),0) | L5: =IFERROR(AVERAGEIF(Disposisjon!$A$2:$A$300,$A5,Disposisjon!$Q$2:$Q$300),0) | M5: =MAX($K5,$L5) | O5: Middels
A6: 5 | B6: Diskusjon | C6: 9000 | J6: =IF($I6="x","Korrekturlest",IF($H6="x","Ferdig",IF($G6="x","Mest ferdig","Ikke startet"))) | K6: =IFERROR(VLOOKUP($J6,Lists!$A$2:$B$6,2,FALSE),0) | L6: =IFERROR(AVERAGEIF(Disposisjon!$A$2:$A$300,$A6,Disposisjon!$Q$2:$Q$300),0) | M6: =MAX($K6,$L6) | O6: Middels
A7: 6 | B7: Konklusjon | C7: 4000 | J7: =IF($I7="x","Korrekturlest",IF($H7="x","Ferdig",IF($G7="x","Mest ferdig","Ikke startet"))) | K7: =IFERROR(VLOOKUP($J7,Lists!$A$2:$B$6,2,FALSE),0) | L7: =IFERROR(AVERAGEIF(Disposisjon!$A$2:$A$300,$A7,Disposisjon!$Q$2:$Q$300),0) | M7: =MAX($K7,$L7) | O7: Middels
J8: =IF($I8="x","Korrekturlest",IF($H8="x","Ferdig",IF($G8="x","Mest ferdig","Ikke startet"))) | K8: =IF($A8="","",IFERROR(VLOOKUP($J8,Lists!$A$2:$B$6,2,FALSE),0)) | L8: =IF($A8="","",IFERROR(AVERAGEIF(Disposisjon!$A$2:$A$300,$A8,Disposisjon!$Q$2:$Q$300),0)) | M8: =IF($A8="","",MAX($K8,$L8)) | O8: Middels
J9: =IF($I9="x","Korrekturlest",IF($H9="x","Ferdig",IF($G9="x","Mest ferdig","Ikke startet"))) | K9: =IF($A9="","",IFERROR(VLOOKUP($J9,Lists!$A$2:$B$6,2,FALSE),0)) | L9: =IF($A9="","",IFERROR(AVERAGEIF(Disposisjon!$A$2:$A$300,$A9,Disposisjon!$Q$2:$Q$300),0)) | M9: =IF($A9="","",MAX($K9,$L9)) | O9: Middels
J10: =IF($I10="x","Korrekturlest",IF($H10="x","Ferdig",IF($G10="x","Mest ferdig","Ikke startet"))) | K10: =IF($A10="","",IFERROR(VLOOKUP($J10,Lists!$A$2:$B$6,2,FALSE),0)) | L10: =IF($A10="","",IFERROR(AVERAGEIF(Disposisjon!$A$2:$A$300,$A10,Disposisjon!$Q$2:$Q$300),0)) | M10: =IF($A10="","",MAX($K10,$L10)) | O10: Middels
J11: =IF($I11="x","Korrekturlest",IF($H11="x","Ferdig",IF($G11="x","Mest ferdig","Ikke startet"))) | K11: =IF($A11="","",IFERROR(VLOOKUP($J11,Lists!$A$2:$B$6,2,FALSE),0)) | L11: =IF($A11="","",IFERROR(AVERAGEIF(Disposisjon!$A$2:$A$300,$A11,Disposisjon!$Q$2:$Q$300),0)) | M11: =IF($A11="","",MAX($K11,$L11)) | O11: Middels
J12: =IF($I12="x","Korrekturlest",IF($H12="x","Ferdig",IF($G12="x","Mest ferdig","Ikke startet"))) | K12: =IF($A12="","",IFERROR(VLOOKUP($J12,Lists!$A$2:$B$6,2,FALSE),0)) | L12: =IF($A12="","",IFERROR(AVERAGEIF(Disposisjon!$A$2:$A$300,$A12,Disposisjon!$Q$2:$Q$300),0)) | M12: =IF($A12="","",MAX($K12,$L12)) | O12: Middels
J13: =IF($I13="x","Korrekturlest",IF($H13="x","Ferdig",IF($G13="x","Mest ferdig","Ikke startet"))) | K13: =IF($A13="","",IFERROR(VLOOKUP($J13,Lists!$A$2:$B$6,2,FALSE),0)) | L13: =IF($A13="","",IFERROR(AVERAGEIF(Disposisjon!$A$2:$A$300,$A13,Disposisjon!$Q$2:$Q$300),0)) | M13: =IF($A13="","",MAX($K13,$L13)) | O13: Middels
J14: =IF($I14="x","Korrekturlest",IF($H14="x","Ferdig",IF($G14="x","Mest ferdig","Ikke startet"))) | K14: =IF($A14="","",IFERROR(VLOOKUP($J14,Lists!$A$2:$B$6,2,FALSE),0)) | L14: =IF($A14="","",IFERROR(AVERAGEIF(Disposisjon!$A$2:$A$300,$A14,Disposisjon!$Q$2:$Q$300),0)) | M14: =IF($A14="","",MAX($K14,$L14)) | O14: Middels
J15: =IF($I15="x","Korrekturlest",IF($H15="x","Ferdig",IF($G15="x","Mest ferdig","Ikke startet"))) | K15: =IF($A15="","",IFERROR(VLOOKUP($J15,Lists!$A$2:$B$6,2,FALSE),0)) | L15: =IF($A15="","",IFERROR(AVERAGEIF(Disposisjon!$A$2:$A$300,$A15,Disposisjon!$Q$2:$Q$300),0)) | M15: =IF($A15="","",MAX($K15,$L15)) | O15: Middels
J16: =IF($I16="x","Korrekturlest",IF($H16="x","Ferdig",IF($G16="x","Mest ferdig","Ikke startet"))) | K16: =IF($A16="","",IFERROR(VLOOKUP($J16,Lists!$A$2:$B$6,2,FALSE),0)) | L16: =IF($A16="","",IFERROR(AVERAGEIF(Disposisjon!$A$2:$A$300,$A16,Disposisjon!$Q$2:$Q$300),0)) | M16: =IF($A16="","",MAX($K16,$L16)) | O16: Middels
J17: =IF($I17="x","Korrekturlest",IF($H17="x","Ferdig",IF($G17="x","Mest ferdig","Ikke startet"))) | K17: =IF($A17="","",IFERROR(VLOOKUP($J17,Lists!$A$2:$B$6,2,FALSE),0)) | L17: =IF($A17="","",IFERROR(AVERAGEIF(Disposisjon!$A$2:$A$300,$A17,Disposisjon!$Q$2:$Q$300),0)) | M17: =IF($A17="","",MAX($K17,$L17)) | O17: Middels
J18: =IF($I18="x","Korrekturlest",IF($H18="x","Ferdig",IF($G18="x","Mest ferdig","Ikke startet"))) | K18: =IF($A18="","",IFERROR(VLOOKUP($J18,Lists!$A$2:$B$6,2,FALSE),0)) | L18: =IF($A18="","",IFERROR(AVERAGEIF(Disposisjon!$A$2:$A$300,$A18,Disposisjon!$Q$2:$Q$300),0)) | M18: =IF($A18="","",MAX($K18,$L18)) | O18: Middels
J19: =IF($I19="x","Korrekturlest",IF($H19="x","Ferdig",IF($G19="x","Mest ferdig","Ikke startet"))) | K19: =IF($A19="","",IFERROR(VLOOKUP($J19,Lists!$A$2:$B$6,2,FALSE),0)) | L19: =IF($A19="","",IFERROR(AVERAGEIF(Disposisjon!$A$2:$A$300,$A19,Disposisjon!$Q$2:$Q$300),0)) | M19: =IF($A19="","",MAX($K19,$L19)) | O19: Middels
... J50: =IF($I50="x","Korrekturlest",IF($H50="x","Ferdig",IF($G50="x","Mest ferdig","Ikke startet"))) | K50: =IF($A50="","",IFERROR(VLOOKUP($J50,Lists!$A$2:$B$6,2,FALSE),0)) | L50: =IF($A50="","",IFERROR(AVERAGEIF(Disposisjon!$A$2:$A$300,$A50,Disposisjon!$Q$2:$Q$300),0)) | M50: =IF($A50="","",MAX($K50,$L50)) | O50: Middels

Sheet Disposisjon
A1: ChapterNo | B1: ID | C1: Nivå | D1: Tittel | E1: Innhold / nøkkelpunkter | F1: Est. ord | G1: Faktisk ord | H1: Plan start | I1: Plan frist | J1: Faktisk start | K1: Faktisk ferdig | L1: Mest ferdig (x) | M1: Ferdig (x) | N1: Korrekturlest (x) | O1: Stage | P1: Review (veileder) | Q1: Fremdrift % | R1: Dager igjen | S1: Forfalt? | T1: Prioritet | U1: Avhengigheter | V1: Lenke | W1: Notater | X1: Sist oppdatert
A2: 1 | B2: 1 | C2: Kapittel | D2: Introduksjon | F2: 3000 | O2: =IF($N2="x","Korrekturlest",IF($M2="x","Ferdig",IF($L2="x","Mest ferdig",IF($J2<>"","Pågår","Ikke startet")))) | P2: Ikke sendt | Q2: =IFERROR(VLOOKUP($O2,Lists!$A$2:$B$6,2,FALSE),0) | R2: =IF($I2="","",$I2-TODAY()) | S2: =IF(AND($I2<>"",$I2<TODAY(),NOT(OR($O2="Ferdig",$O2="Korrekturlest"))),"OVERDUE","") | T2: Middels
A3: 1 | B3: 1.1 | C3: Delkapittel | D3: Bakgrunn | F3: 800 | O3: =IF($N3="x","Korrekturlest",IF($M3="x","Ferdig",IF($L3="x","Mest ferdig",IF($J3<>"","Pågår","Ikke startet")))) | P3: Ikke sendt | Q3: =IFERROR(VLOOKUP($O3,Lists!$A$2:$B$6,2,FALSE),0) | R3: =IF($I3="","",$I3-TODAY()) | S3: =IF(AND($I3<>"",$I3<TODAY(),NOT(OR($O3="Ferdig",$O3="Korrekturlest"))),"OVERDUE","") | T3: Middels
A4: 1 | B4: 1.2 | C4: Delkapittel | D4: Problemstilling og mål | F4: 700 | O4: =IF($N4="x","Korrekturlest",IF($M4="x","Ferdig",IF($L4="x","Mest ferdig",IF($J4<>"","Pågår","Ikke startet")))) | P4: Ikke sendt | Q4: =IFERROR(VLOOKUP($O4,Lists!$A$2:$B$6,2,FALSE),0) | R4: =IF($I4="","",$I4-TODAY()) | S4: =IF(AND($I4<>"",$I4<TODAY(),NOT(OR($O4="Ferdig",$O4="Korrekturlest"))),"OVERDUE","") | T4: Middels
A5: 2 | B5: 2 | C5: Kapittel | D5: Teori / Litteraturgjennomgang | F5: 9000 | O5: =IF($N5="x","Korrekturlest",IF($M5="x","Ferdig",IF($L5="x","Mest ferdig",IF($J5<>"","Pågår","Ikke startet")))) | P5: Ikke sendt | Q5: =IFERROR(VLOOKUP($O5,Lists!$A$2:$B$6,2,FALSE),0) | R5: =IF($I5="","",$I5-TODAY()) | S5: =IF(AND($I5<>"",$I5<TODAY(),NOT(OR($O5="Ferdig",$O5="Korrekturlest"))),"OVERDUE","") | T5: Middels
A6: 2 | B6: 2.1 | C6: Delkapittel | D6: Relevant teori | F6: 3000 | O6: =IF($N6="x","Korrekturlest",IF($M6="x","Ferdig",IF($L6="x","Mest ferdig",IF($J6<>"","Pågår","Ikke startet")))) | P6: Ikke sendt | Q6: =IFERROR(VLOOKUP($O6,Lists!$A$2:$B$6,2,FALSE),0) | R6: =IF($I6="","",$I6-TODAY()) | S6: =IF(AND($I6<>"",$I6<TODAY(),NOT(OR($O6="Ferdig",$O6="Korrekturlest"))),"OVERDUE","") | T6: Middels
A7: 3 | B7: 3 | C7: Kapittel | D7: Metode | F7: 7000 | O7: =IF($N7="x","Korrekturlest",IF($M7="x","Ferdig",IF($L7="x","Mest ferdig",IF($J7<>"","Pågår","Ikke startet")))) | P7: Ikke sendt | Q7: =IFERROR(VLOOKUP($O7,Lists!$A$2:$B$6,2,FALSE),0) | R7: =IF($I7="","",$I7-TODAY()) | S7: =IF(AND($I7<>"",$I7<TODAY(),NOT(OR($O7="Ferdig",$O7="Korrekturlest"))),"OVERDUE","") | T7: Middels
O8: =IF($N8="x","Korrekturlest",IF($M8="x","Ferdig",IF($L8="x","Mest ferdig",IF($J8<>"","Pågår","Ikke startet")))) | P8: Ikke sendt | Q8: =IF($D8="","",IFERROR(VLOOKUP($O8,Lists!$A$2:$B$6,2,FALSE),0)) | R8: =IF($I8="","",$I8-TODAY()) | S8: =IF(AND($I8<>"",$I8<TODAY(),NOT(OR($O8="Ferdig",$O8="Korrekturlest"))),"OVERDUE","") | T8: Middels
O9: =IF($N9="x","Korrekturlest",IF($M9="x","Ferdig",IF($L9="x","Mest ferdig",IF($J9<>"","Pågår","Ikke startet")))) | P9: Ikke sendt | Q9: =IF($D9="","",IFERROR(VLOOKUP($O9,Lists!$A$2:$B$6,2,FALSE),0)) | R9: =IF($I9="","",$I9-TODAY()) | S9: =IF(AND($I9<>"",$I9<TODAY(),NOT(OR($O9="Ferdig",$O9="Korrekturlest"))),"OVERDUE","") | T9: Middels
O10: =IF($N10="x","Korrekturlest",IF($M10="x","Ferdig",IF($L10="x","Mest ferdig",IF($J10<>"","Pågår","Ikke startet")))) | P10: Ikke sendt | Q10: =IF($D10="","",IFERROR(VLOOKUP($O10,Lists!$A$2:$B$6,2,FALSE),0)) | R10: =IF($I10="","",$I10-TODAY()) | S10: =IF(AND($I10<>"",$I10<TODAY(),NOT(OR($O10="Ferdig",$O10="Korrekturlest"))),"OVERDUE","") | T10: Middels
O11: =IF($N11="x","Korrekturlest",IF($M11="x","Ferdig",IF($L11="x","Mest ferdig",IF($J11<>"","Pågår","Ikke startet")))) | P11: Ikke sendt | Q11: =IF($D11="","",IFERROR(VLOOKUP($O11,Lists!$A$2:$B$6,2,FALSE),0)) | R11: =IF($I11="","",$I11-TODAY()) | S11: =IF(AND($I11<>"",$I11<TODAY(),NOT(OR($O11="Ferdig",$O11="Korrekturlest"))),"OVERDUE","") | T11: Middels
O12: =IF($N12="x","Korrekturlest",IF($M12="x","Ferdig",IF($L12="x","Mest ferdig",IF($J12<>"","Pågår","Ikke startet")))) | P12: Ikke sendt | Q12: =IF($D12="","",IFERROR(VLOOKUP($O12,Lists!$A$2:$B$6,2,FALSE),0)) | R12: =IF($I12="","",$I12-TODAY()) | S12: =IF(AND($I12<>"",$I12<TODAY(),NOT(OR($O12="Ferdig",$O12="Korrekturlest"))),"OVERDUE","") | T12: Middels
O13: =IF($N13="x","Korrekturlest",IF($M13="x","Ferdig",IF($L13="x","Mest ferdig",IF($J13<>"","Pågår","Ikke startet")))) | P13: Ikke sendt | Q13: =IF($D13="","",IFERROR(VLOOKUP($O13,Lists!$A$2:$B$6,2,FALSE),0)) | R13: =IF($I13="","",$I13-TODAY()) | S13: =IF(AND($I13<>"",$I13<TODAY(),NOT(OR($O13="Ferdig",$O13="Korrekturlest"))),"OVERDUE","") | T13: Middels
O14: =IF($N14="x","Korrekturlest",IF($M14="x","Ferdig",IF($L14="x","Mest ferdig",IF($J14<>"","Pågår","Ikke startet")))) | P14: Ikke sendt | Q14: =IF($D14="","",IFERROR(VLOOKUP($O14,Lists!$A$2:$B$6,2,FALSE),0)) | R14: =IF($I14="","",$I14-TODAY()) | S14: =IF(AND($I14<>"",$I14<TODAY(),NOT(OR($O14="Ferdig",$O14="Korrekturlest"))),"OVERDUE","") | T14: Middels
O15: =IF($N15="x","Korrekturlest",IF($M15="x","Ferdig",IF($L15="x","Mest ferdig",IF($J15<>"","Pågår","Ikke startet")))) | P15: Ikke sendt | Q15: =IF($D15="","",IFERROR(VLOOKUP($O15,Lists!$A$2:$B$6,2,FALSE),0)) | R15: =IF($I15="","",$I15-TODAY()) | S15: =IF(AND($I15<>"",$I15<TODAY(),NOT(OR($O15="Ferdig",$O15="Korrekturlest"))),"OVERDUE","") | T15: Middels
O16: =IF($N16="x","Korrekturlest",IF($M16="x","Ferdig",IF($L16="x","Mest ferdig",IF($J16<>"","Pågår","Ikke startet")))) | P16: Ikke sendt | Q16: =IF($D16="","",IFERROR(VLOOKUP($O16,Lists!$A$2:$B$6,2,FALSE),0)) | R16: =IF($I16="","",$I16-TODAY()) | S16: =IF(AND($I16<>"",$I16<TODAY(),NOT(OR($O16="Ferdig",$O16="Korrekturlest"))),"OVERDUE","") | T16: Middels
O17: =IF($N17="x","Korrekturlest",IF($M17="x","Ferdig",IF($L17="x","Mest ferdig",IF($J17<>"","Pågår","Ikke startet")))) | P17: Ikke sendt | Q17: =IF($D17="","",IFERROR(VLOOKUP($O17,Lists!$A$2:$B$6,2,FALSE),0)) | R17: =IF($I17="","",$I17-TODAY()) | S17: =IF(AND($I17<>"",$I17<TODAY(),NOT(OR($O17="Ferdig",$O17="Korrekturlest"))),"OVERDUE","") | T17: Middels
O18: =IF($N18="x","Korrekturlest",IF($M18="x","Ferdig",IF($L18="x","Mest ferdig",IF($J18<>"","Pågår","Ikke startet")))) | P18: Ikke sendt | Q18: =IF($D18="","",IFERROR(VLOOKUP($O18,Lists!$A$2:$B$6,2,FALSE),0)) | R18: =IF($I18="","",$I18-TODAY()) | S18: =IF(AND($I18<>"",$I18<TODAY(),NOT(OR($O18="Ferdig",$O18="Korrekturlest"))),"OVERDUE","") | T18: Middels
O19: =IF($N19="x","Korrekturlest",IF($M19="x","Ferdig",IF($L19="x","Mest ferdig",IF($J19<>"","Pågår","Ikke startet")))) | P19: Ikke sendt | Q19: =IF($D19="","",IFERROR(VLOOKUP($O19,Lists!$A$2:$B$6,2,FALSE),0)) | R19: =IF($I19="","",$I19-TODAY()) | S19: =IF(AND($I19<>"",$I19<TODAY(),NOT(OR($O19="Ferdig",$O19="Korrekturlest"))),"OVERDUE","") | T19: Middels
... O300: =IF($N300="x","Korrekturlest",IF($M300="x","Ferdig",IF($L300="x","Mest ferdig",IF($J300<>"","Pågår","Ikke startet")))) | P300: Ikke sendt | Q300: =IF($D300="","",IFERROR(VLOOKUP($O300,Lists!$A$2:$B$6,2,FALSE),0)) | R300: =IF($I300="","",$I300-TODAY()) | S300: =IF(AND($I300<>"",$I300<TODAY(),NOT(OR($O300="Ferdig",$O300="Korrekturlest"))),"OVERDUE","") | T300: Middels

Sheet Milepæler
A1: Milepæl | B1: Beskrivelse | C1: Plan dato | D1: Status | E1: Avhengigheter | F1: Notater
A2: Oppstart | B2: Disposisjon klar | D2: Ikke startet
A3: Første kapittelutkast | B3: Intro + metode i utkast | D3: Ikke startet
A4: Fullt førsteutkast | B4: Alle kapitler i sammenheng | D4: Ikke startet
A5: Veiledergjennomgang | B5: Sendt full utkast til veileder | D5: Ikke startet
A6: Siste korrektur | B6: Språk + figurer + referanser | D6: Ikke startet
A7: Innlevering | B7: PDF levert og bekreftet | D7: Ikke startet

Sheet FigurerTabeller
A1: ID | B1: Type | C1: Kapittel | D1: Tittel/Caption | E1: Kilde/data | F1: Status | G1: Fildestinasjon | H1: Sitat/tilatelse sjekket (x) | I1: Notater

Sheet Referanser
A1: Citation key | B1: Tittel | C1: Forfatter/år | D1: Tema | E1: Lest (x) | F1: Oppsummert (x) | G1: Sitert i tekst (x) | H1: BibTeX lagt til (x) | I1: Lenke/DOI | J1: Notater

Sheet MøterTilbakemelding
A1: Dato | B1: Hvem | C1: Tema | D1: Beslutninger / tilbakemelding | E1: Action items | F1: Frist | G1: Ferdig (x) | H1: Notater

Sheet Skrivelogg
A1: Dato | B1: Ord skrevet | C1: Timer | D1: Kapittel/sekjson | E1: Hva fikk du gjort? | F1: Plan for neste økt | G1: Kommentar

Sheet Tidslinje
A1: Kapittel | B1: Tittel | C1: Plan start | D1: Plan frist | E1: Feb 2026 | F1: Mar 2026 | G1: Apr 2026 | H1: May 2026 | I1: Jun 2026 | J1: Jul 2026 | K1: Aug 2026 | L1: Sep 2026 | M1: Oct 2026 | N1: Nov 2026 | O1: Dec 2026 | P1: Jan 2027 | Q1: Feb 2027 | R1: Mar 2027 | S1: Apr 2027 | T1: May 2027 | U1: Jun 2027 | V1: Jul 2027
A2: =Kapitler!A2 | B2: =Kapitler!B2 | C2: =Kapitler!D2 | D2: =Kapitler!E2
A3: =Kapitler!A3 | B3: =Kapitler!B3 | C3: =Kapitler!D3 | D3: =Kapitler!E3
A4: =Kapitler!A4 | B4: =Kapitler!B4 | C4: =Kapitler!D4 | D4: =Kapitler!E4
A5: =Kapitler!A5 | B5: =Kapitler!B5 | C5: =Kapitler!D5 | D5: =Kapitler!E5
A6: =Kapitler!A6 | B6: =Kapitler!B6 | C6: =Kapitler!D6 | D6: =Kapitler!E6
A7: =Kapitler!A7 | B7: =Kapitler!B7 | C7: =Kapitler!D7 | D7: =Kapitler!E7
A8: =Kapitler!A8 | B8: =Kapitler!B8 | C8: =Kapitler!D8 | D8: =Kapitler!E8
A9: =Kapitler!A9 | B9: =Kapitler!B9 | C9: =Kapitler!D9 | D9: =Kapitler!E9
A10: =Kapitler!A10 | B10: =Kapitler!B10 | C10: =Kapitler!D10 | D10: =Kapitler!E10
A11: =Kapitler!A11 | B11: =Kapitler!B11 | C11: =Kapitler!D11 | D11: =Kapitler!E11
A12: =Kapitler!A12 | B12: =Kapitler!B12 | C12: =Kapitler!D12 | D12: =Kapitler!E12
A13: =Kapitler!A13 | B13: =Kapitler!B13 | C13: =Kapitler!D13 | D13: =Kapitler!E13
... A50: =Kapitler!A50 | B50: =Kapitler!B50 | C50: =Kapitler!D50 | D50: =Kapitler!E50
E51: 46054 | F51: 46082 | G51: 46113 | H51: 46143 | I51: 46174 | J51: 46204 | K51: 46235 | L51: 46266 | M51: 46296 | N51: 46327 | O51: 46357 | P51: 46388 | Q51: 46419 | R51: 46447 | S51: 46478 | T51: 46508 | U51: 46539 | V51: 46569
